"Language v1.11 (Mar 24, 2021)"
================================
"Enhanced Language - Tagalog Language"

"Language v1.11 (Mar 19, 2021)"
================================
"Enhanced Language - India language"

"Language v1.09 (Mar 10, 2021)"
================================
"Added Language - Russian language"

"Language v1.08 (Mar 09, 2021)"
================================
"Added Language - Italian language"
"Added Language - French language"

"Language v1.07 (Mar 08, 2021)"
================================
"Added Language - Traditional Chinese language"
"Added Language - German Language"

"Language v1.06 (Mar 06, 2021)"
================================
"Added Language - Czech language"
"Added Language - Polish language"

"Language v1.05 (Mar 05, 2021)"
================================
"Added Language - Portuguese language"

